[
    {
      "id": 291,
      "location": "Lelystad Zeeasterweg vogelakker",
      "region": "Zuid-Holland",
      "latitude": 52.4945,
      "longitude": 5.549,
      "date": "2022-06-30",
      "month": "06",
      "time": "02:14:07",
      "datetime": "2022-06-30 02:14:07",
      "order": "Chironomidae",
      "family": "Dansmuggen",
      "confidence": 0.999861896,
      "value1": 4.611954067,
      "value2": 1.671624526,
      "image": "20220630021407.jpg"
    },
    {
      "id": 291,
      "location": "Lelystad Zeeasterweg vogelakker",
      "region": "Zuid-Holland",
      "latitude": 52.4945,
      "longitude": 5.549,
      "date": "2022-06-30",
      "month": "06",
      "time": "02:16:15",
      "datetime": "2022-06-30 02:16:15",
      "order": "Chironomidae",
      "family": "Dansmuggen",
      "confidence": 0.9990107417,
      "value1": 4.126025882,
      "value2": 1.247298149,
      "image": "20220630021615.jpg"
    },
    {
      "id": 291,
      "location": "Lelystad Zeeasterweg vogelakker",
      "region": "Zuid-Holland",
      "latitude": 52.4945,
      "longitude": 5.549,
      "date": "2022-06-30",
      "month": "06",
      "time": "02:18:16",
      "datetime": "2022-06-30 02:18:16",
      "order": "Chironomidae",
      "family": "Dansmuggen",
      "confidence": 0.9955584109,
      "value1": 7.972970307,
      "value2": 7.053135715,
      "image": "20220630021816.jpg"
    },
    {
      "id": 291,
      "location": "Lelystad Zeeasterweg vogelakker",
      "region": "Zuid-Holland",
      "latitude": 52.4945,
      "longitude": 5.549,
      "date": "2022-06-30",
      "month": "06",
      "time": "02:22:28",
      "datetime": "2022-06-30 02:22:28",
      "order": "Chironomidae",
      "family": "Dansmuggen",
      "confidence": 0.9989690781,
      "value1": 6.006210727,
      "value2": 3.348426277,
      "image": "20220630022228.jpg"
    },
    {
      "id": 291,
      "location": "Lelystad Zeeasterweg vogelakker",
      "region": "Zuid-Holland",
      "latitude": 52.4945,
      "longitude": 5.549,
      "date": "2022-06-30",
      "month": "06",
      "time": "02:22:28",
      "datetime": "2022-06-30 02:22:28",
      "order": "Crambidae",
      "family": "Grasmotten",
      "confidence": 0.9351234039,
      "value1": 15.11196587,
      "value2": 37.9083944,
      "image": "20220630022228.jpg"
    },
    {
      "id": 368,
      "location": "Amsterdam Hortus",
      "region": "Zuid-Holland",
      "latitude": 52.3667,
      "longitude": 4.9082,
      "date": "2022-06-08",
      "month": "06",
      "time": "23:52:00",
      "datetime": "2022-06-08 23:52:00",
      "order": "Chironomidae",
      "family": "Dansmuggen",
      "confidence": 0.9999674559,
      "value1": 4.025661757,
      "value2": 1.169077511,
      "image": "20220608235200.jpg"
    },
    {
      "id": 368,
      "location": "Amsterdam Hortus",
      "region": "Zuid-Holland",
      "latitude": 52.3667,
      "longitude": 4.9082,
      "date": "2022-06-08",
      "month": "06",
      "time": "23:52:00",
      "datetime": "2022-06-08 23:52:00",
      "order": "Cecidomyiidae",
      "family": "Galmuggen",
      "confidence": 0.7207681537,
      "value1": 3.403215342,
      "value2": 0.7516063778,
      "image": "20220608235200.jpg"
    },
    {
      "id": 368,
      "location": "Amsterdam Hortus",
      "region": "Zuid-Holland",
      "latitude": 52.3667,
      "longitude": 4.9082,
      "date": "2022-06-09",
      "time": "00:00:27",
      "datetime": "2022-06-09 00:00:27",
      "order": "Crambidae",
      "family": "Grasmotten",
      "confidence": 0.9890603218,
      "value1": 5.822647992,
      "value2": 3.085945583,
      "image": "20220609000027.jpg"
    },
    {
      "id": 294,
      "location": "Holysloot",
      "region": "Noord-Holland",
      "latitude": 52.4031,
      "longitude": 5.0249,
      "date": "2022-08-18",
      "month": "08",
      "time": "22:45:00",
      "datetime": "2022-08-18 22:45:00",
      "order": "Chironomidae",
      "family": "Dansmuggen",
      "confidence": 0.9467910879,
      "value1": 3.252274686,
      "value2": 0.6670734263,
      "image": "20220818224500.jpg"
    },
    {
      "id": 294,
      "location": "Holysloot",
      "region": "Noord-Holland",
      "latitude": 52.4031,
      "longitude": 5.0249,
      "date": "2022-08-18",
      "month": "08",
      "time": "22:47:06",
      "datetime": "2022-08-18 22:47:06",
      "order": "Chironomidae",
      "family": "Dansmuggen",
      "confidence": 0.9905894995,
      "value1": 3.373530235,
      "value2": 0.7344864202,
      "image": "20220818224706.jpg"
    },
    {
      "id": 294,
      "location": "Holysloot",
      "region": "Noord-Holland",
      "latitude": 52.4031,
      "longitude": 5.0249,
      "date": "2022-08-18",
      "month": "08",
      "time": "22:49:08",
      "datetime": "2022-08-18 22:49:08",
      "order": "Chironomidae",
      "family": "Dansmuggen",
      "confidence": 0.996920079,
      "value1": 5.45380133,
      "value2": 2.598007791,
      "image": "20220818224908.jpg"
    },
    {
      "id": 287,
      "location": "Lelystad Boer Kok Airport Bussiness Park",
      "region": "Flevoland",
      "latitude": 52.4718,
      "longitude": 5.5103,
      "date": "2022-08-24",
      "month": "08",
      "time": "01:50:18",
      "datetime": "2022-08-24 01:50:18",
      "order": "Chironomidae",
      "family": "Dansmuggen",
      "confidence": 0.999843359,
      "value1": 4.488462776,
      "value2": 1.556460186,
      "image": "20220824015018.jpg"
    },
    {
      "id": 287,
      "location": "Lelystad Boer Kok Airport Bussiness Park",
      "region": "Flevoland",
      "latitude": 52.4718,
      "longitude": 5.5103,
      "date": "2022-08-24",
      "month": "08",
      "time": "01:52:19",
      "datetime": "2022-08-24 01:52:19",
      "order": "Chironomidae",
      "family": "Dansmuggen",
      "confidence": 0.999902606,
      "value1": 12.9481548,
      "value2": 25.24805843,
      "image": "20220824015219.jpg"
    },
    {
      "id": 287,
      "location": "Lelystad Boer Kok Airport Bussiness Park",
      "region": "Flevoland",
      "latitude": 52.4718,
      "longitude": 5.5103,
      "date": "2022-08-24",
      "month": "08",
      "time": "01:54:26",
      "datetime": "2022-08-24 01:54:26",
      "order": "Chironomidae",
      "family": "Dansmuggen",
      "confidence": 0.9996894002,
      "value1": 11.72930397,
      "value2": 19.46736851,
      "image": "20220824015426.jpg"
    },
    {
      "id": 287,
      "location": "Lelystad Boer Kok Airport Bussiness Park",
      "region": "Flevoland",
      "latitude": 52.4718,
      "longitude": 5.5103,
      "date": "2022-08-24",
      "month": "08",
      "time": "01:54:26",
      "datetime": "2022-08-24 01:54:26",
      "order": "Chironomidae",
      "family": "Dansmuggen",
      "confidence": 0.99939394,
      "value1": 3.92938962,
      "value2": 1.096973789,
      "image": "20220824015426.jpg"
    },
    {
      "id": 264,
      "location": "Ferwoude",
      "region": "Friesland",
      "latitude": 53.0092,
      "longitude": 5.4354,
      "date": "2022-07-04",
      "month": "07", 
      "time": "23:48:40",
      "datetime": "2022-07-04 23:48:40",
      "order": "Chironomidae",
      "family": "Dansmuggen",
      "confidence": 0.6003750563,
      "value1": 12.77775947,
      "value2": 24.38356142,
      "image": "20220704234840.jpg"
    },
    {
      "id": 264,
      "location": "Ferwoude",
      "region": "Friesland",
      "latitude": 53.0092,
      "longitude": 5.4354,
      "date": "2022-07-04",
      "month": "07",
      "time": "23:54:54",
      "datetime": "2022-07-04 23:54:54",
      "order": "Chironomidae",
      "family": "Dansmuggen",
      "confidence": 0.993475616,
      "value1": 7.916225513,
      "value2": 6.921879098,
      "image": "20220704235454.jpg"
    },
    {
      "id": 264,
      "location": "Ferwoude",
      "region": "Friesland",
      "latitude": 53.0092,
      "longitude": 5.4354,
      "date": "2022-07-04",
      "month": "07",
      "time": "23:54:54",
      "datetime": "2022-07-04 23:54:54",
      "order": "Chironomidae",
      "family": "Dansmuggen",
      "confidence": 0.6528483629,
      "value1": 4.295843122,
      "value2": 1.38687903,
      "image": "20220704235454.jpg"
    },
    {
        "id": 264,
        "location": "Ferwoude",
        "region": "Friesland",
        "latitude": 53.0092,
        "longitude": 5.4354,
        "date": "2022-07-04",
        "month": "07",
        "time": "23:54:54",
        "datetime": "2022-07-04 23:54:54",
        "order": "Chironomidae",
        "family": "Dansmuggen",
        "confidence": 0.6528483629,
        "value1": 4.295843122,
        "value2": 1.38687903,
        "image": "20220704235454.jpg"
      },
      {
        "id": 273,
        "location": "Herwijnen Eendenkooi",
        "region": "Gelderland",
        "latitude": 51.854,
        "longitude": 5.114,
        "date": "2022-09-06",
        "month": "09",
        "time": "13:24:00",
        "datetime": "2022-09-06 13:24:00",
        "order": "Chironomidae",
        "family": "Dansmuggen",
        "confidence": 0.3814234063,
        "value1": 6.129074051,
        "value2": 2.444231978,
        "image": "20220906132400.jpg"
      },
      {
        "id": 273,
        "location": "Herwijnen Eendenkooi",
        "region": "Gelderland",
        "latitude": 51.854,
        "longitude": 5.114,
        "date": "2022-09-06",
        "month": "09",
        "time": "13:38:45",
        "datetime": "2022-09-06 13:38:45",
        "order": "Caenidae",
        "confidence": 0,
        "value1": 0.9749081731,
        "value2": 1.183955278,
        "image": "20220906133845.jpg"
      },
      {
        "id": 273,
        "location": "Herwijnen Eendenkooi",
        "region": "Gelderland",
        "latitude": 51.854,
        "longitude": 5.114,
        "date": "2022-09-06",
        "month": "09",
        "time": "13:47:17",
        "datetime": "2022-09-06 13:47:17",
        "order": "Caenidae",
        "confidence": 0,
        "value1": 0.5653333664,
        "value2": 1.31426434,
        "image": "20220906134717.jpg"
      },
      {
        "id": 273,
        "location": "Herwijnen Eendenkooi",
        "region": "Gelderland",
        "latitude": 51.854,
        "longitude": 5.114,
        "date": "2022-09-06",
        "month": "09",
        "time": "14:01:54",
        "datetime": "2022-09-06 14:01:54",
        "order": "Caenidae",
        "confidence": 0,
        "value1": 0.9879143834,
        "value2": 1.818476665,
        "image": "20220906140154.jpg"
      },
      {
        "id": 273,
        "location": "Herwijnen Eendenkooi",
        "region": "Gelderland",
        "latitude": 51.854,
        "longitude": 5.114,
        "date": "2022-07-22",
        "month": "07",
        "time": "00:07:38",
        "datetime": "2022-07-22 00:07:38",
        "order": "Chironomidae",
        "family": "Dansmuggen",
        "confidence": 0.9977291226,
        "value1": 4.439919614,
        "value2": 1.512578024,
        "image": "20220722000738.jpg"
      },
      {
        "id": 273,
        "location": "Herwijnen Eendenkooi",
        "region": "Gelderland",
        "latitude": 51.854,
        "longitude": 5.114,
        "date": "2022-06-30",
        "month": "06",
        "time": "23:17:21",
        "datetime": "2022-06-30 23:17:21",
        "order": "Diptera",
        "family": "Vliegen-en-muggen",
        "confidence": 0.6910019517,
        "value1": 3.756612999,
        "value2": 0.7748737145,
        "image": "20220630231721.jpg"
      },
      {
        "id": 261,
        "location": "Elsloo",
        "region": "Friesland",
        "latitude": 52.9492,
        "longitude": 6.2517,
        "date": "2022-08-03",
        "month": "08",
        "time": "18:05:19",
        "datetime": "2022-08-03 18:05:19",
        "order": "Diptera",
        "family": "Vliegen-en-muggen",
        "confidence": 0.5161598921,
        "value1": 11.99608009,
        "value2": 10.11860088,
        "image": "20220803180519.jpg"
      },
      {
        "id": 331,
        "location": "Nieuwkoopse plassen",
        "region": "Zuid-Holland",
        "latitude": 52.1466,
        "longitude": 4.8166,
        "date": "2022-08-23",
        "month": "08",
        "time": "07:42:32",
        "datetime": "2022-08-23 07:42:32",
        "order": "Diptera",
        "family": "Vliegen-en-muggen",
        "confidence": 0.7858521119,
        "value1": 8.347549648,
        "value2": 4.53540903,
        "image": "20220823074232.jpg"
      },
      {
        "id": 331,
        "location": "Nieuwkoopse plassen",
        "region": "Zuid-Holland",
        "latitude": 52.1466,
        "longitude": 4.8166,
        "date": "2022-08-23",
        "month": "08",
        "time": "07:44:42",
        "datetime": "2022-08-23 07:44:42",
        "order": "Araneae",
        "family": "Spinnen",
        "confidence": 0.9615882039,
        "value1": 16.39012726,
        "value2": 106.3960676,
        "image": "20220823074442.jpg"
      },
      {
        "id": 331,
        "location": "Nieuwkoopse plassen",
        "region": "Zuid-Holland",
        "latitude": 52.1466,
        "longitude": 4.8166,
        "date": "2022-08-23",
        "month": "08",
        "time": "07:44:42",
        "datetime": "2022-08-23 07:44:42",
        "order": "Insecta",
        "family": "Insecten",
        "confidence": 0.3613109142,
        "value1": 8.036803841,
        "value2": 4.804603356,
        "image": "20220823074442.jpg"
      },
      {
        "id": 331,
        "location": "Nieuwkoopse plassen",
        "region": "Zuid-Holland",
        "latitude": 52.1466,
        "longitude": 4.8166,
        "date": "2022-09-16",
        "month": "09",
        "time": "05:16:44",
        "datetime": "2022-09-16 05:16:44",
        "order": "Insecta",
        "family": "Insecten",
        "confidence": 0.9400462679,
        "value1": 13.54510968,
        "value2": 17.66221794,
        "image": "20220916051644.jpg"
      },
      {
        "id": 331,
        "location": "Nieuwkoopse plassen",
        "region": "Zuid-Holland",
        "latitude": 52.1466,
        "longitude": 4.8166,
        "date": "2022-09-16",
        "month": "09",
        "time": "05:24:54",
        "datetime": "2022-09-16 05:24:54",
        "order": "Insecta",
        "family": "Insecten",
        "confidence": 0.636345181,
        "value1": 8.951132298,
        "value2": 6.285839561,
        "image": "20220916052454.jpg"
      }
]